htc_speaker,0
page-reading,0
-smartphone,0
ebay,1
iphone/samsung/htc,1
m8-,0
sleeve/case/cover,0
model)32gb,1
usb/sd/mmc,1
windows/android,1
galaxys4,1
vocable,0
desire600c,0
m7_u,1
iphone,7
sistemas4,0
4g-lte,0
sleeve/cover,0
lgg4,0
sprint)(check,1
bluetooth,1
shelter,1
verizon),0
gunmetal,1
m9+,1
gold/silver,1
charger+data,0
gray,1
wireless,1
huawei,1
shipping/30-day,1
cellphone,1
8gb,1
touchscreen,1
texanscheerteam,1
m8(at&t,0
stereo,1
180tablet,0
supermodel,0
headset,1
recamera,0
mytouch,2
battery,1
esn/imei,0
otterbox,1
beatsaudio,0
blackberryz10,1
htc_sleeve,0
todayðŸ˜‰,0
parts/repair,0
emperorleather,1
power,2
t-mobile,1
headphone,1
nexus4,1
cdeals10,0
samsung/lg/sony/htc,0
case/cover/skin,0
cdma+gsm,1
dual-sim,0
mint,1
flagship,1
case+car,1
bank,1
htcusa,1
slot,1
apple/htc/samsung,0
tripod,1
ps3,1
cashback,0
6pc,0
birthdayðŸŽ‰,0
protector,1
factory,1
wristwatch,1
wallet,1
haircolor,0
evo,2
defender,1
passport,0
micromax,0
condition/r61123,0
indian,1
aero,1
opener,1
holster,1
photos,0
stylus,1
10x,1
imei/esn,0
yearbook,0
designer,1
cloudatacenter,0
series,1
lollipop,3
harman/kardon,1
gold,1
â†º,1
material,1
handset,2
repair2,1
device,3
update,4
8xt,1
maximum,0
violet,1
freestyle,1
+mini,1
kitsch_sync,0
googleâ€™,0
edition(latest,1
wifi,1
ipad,1
luxury,1
preview,0
u8,1
earphone,1
bids)end,0
horse,1
b09,0
evangelist,0
nokia,1
impact,1
thanksðŸ˜€,0
motorola,1
sunglasse,0
ðŸŒ»ðŸŒ»ðŸŒ»summer,0
candyshell,1
dual-core,0
panels,1
assembly+frame,1
4gb(cricket,1
windows8,0
waterproof,1
kickstand,1
speck,1
dna,1
extras,1
clip-on,1
3g,1
features,1
female,1
16gb,1
g23,1
resale,1
g3,1
happyweekend,0
sv,1
5s,1
faceplate,1
cheerleader,1
description,1
sparkle,1
card,3
morning,1
diamond,1
64x,0
adapter+6ft,0
nqi,0
fallout,1
julyðŸ‡ºðŸ‡¸,0
waterfront,0
holder+tool,0
wildfire,2
follower,0
quad-core,1
brand,1
rezound,1
htc_liz,0
grip,1
silicone,1
display/dial/sm,0
tpu/pc,1
rumor,1
optimus,1
release-key,0
aux,1
m/m,1
supportmisstanakpur,0
dream,1
aluminum,1
hybrid,1
issue(pic)clear,0
videofree,0
-inch,1
gorilla,1
shop,1
hai_l9,0
bracelet,1
beats,1
sticker,1
4ft,1
/sense,0
thursday,1
pouch,1
price,1
frb-,1
htcvive,0
lumia920,1
navy,0
st-11,0
wrap,1
bling,1
screen+lcd,1
multimedia,1
shipment,0
glencheck,0
3d,1
s4/note2/note3/,1
contract/free,1
case+film,1
kitty,1
dr.,1
grey,0
earbuds/,1
cvxe,0
lighting,0
snapchat,1
picture,1
snipe,1
music,1
amber,0
rose,0
dre/monster,1
s6318,0
htcâ€™,0
uwatch,1
anybody,0
accessories,1
matter,0
ibeats,1
z2,1
glitter,0
months,1
microsd,1
blinkfeed,1
htc_ashleyr,0
campu,0
news,2
vote,1
cluster,1
espy,1
friday-eve,0
thunderbolt,0
sequin,1
shoreline,0
girlfriend,0
sumsung,1
quality,1
sensation,1
sebaceou,0
rum-diary,0
windshield,0
catcher,0
octa-core,0
something,2
contest,1
htc_callie,0
/r/technology,1
ivsoftware,0
reasons,1
s511,1
htc_kelly,0
cont)network,1
htc_kimberly,0
invariant,0
source,0
wang,1
ringo,0
replacement,1
3pack,1
fans,1
handfree,0
otg,1
bag,1
service/code,0
marketing,2
acid,0
autumn,1
decal,0
carbon,1
feet,0
htc_lesha,0
batteries,0
gps,1
receiver,0
armor,1
820g+,0
htconem9,0
atlanta,0
htc_madison,0
4mp,1
fibre,1
belt,0
victor,1
fashion,1
status,1
plasticky,1
desire820,0
aguarda,0
isw13ht's,1
icedotcommuntiy,1
football,1
glove,0
echotweet,0
siii,0
wcdma,0
roadtrip,0
monopod,1
radar,1
htc_in,0
george,0
_a9,1
level,1
ladies,1
4/4s,1
g4-m9-z3,1
realgymnasium,0
lecherousne,0
selfie,1
functionality,0
htc_rachel,0
protection,1
june,1
digitizer,1
vinyl,1
a2,0
season,1
root,0
lifetime,0
cnetnew,0
eyebrow,0
porno,0
s720e,1
sweetheart,1
europe,1
tomorrow,0
a/c,0
size,1
fedex,1
handsfree,0
8mp,1
htc_kristy,0
htc_mikaley,0
pravinrajlr,0
memory,1
accord,0
game,1
comparison,1
teamhtc,0
unicornbeauty,0
chevron,0
htc_uk,0
favorite,0
htc_sarahc,0
production,0
htc_libby,0
customer,0
g4,1
deja,1
vu,1
oem,0
foxstarhindi,1
media,1
chance,1
details,0
houstontexansfan,0
bumper,0
gifts(laster,1
bootloadet,0
htc_randi,0
htc_delaney,0
iamkellybrook,0
white,1
wayne,1
e9+,0
