Cluster 0:	 daring	 kardashian	 jennifer	 lopez	 kim	 http	 beyonce	 n7ermkjnmo	 tbqzau3ya4	 qmygxulalf	
Cluster 1:	 like	 beyonce	 dance	 beautiful	 jay	 nation	 sing	 act	 look	 cause	
Cluster 2:	 parody	 feeling	 minaj	 nicki	 youtube	 bartbaker	 liked	 bartbakersfeelingmyselfparody	 video	 http	
Cluster 3:	 hunitstackz	 demo	 ye	 kimkardashian	 help	 s_c_	 kanyewest	 beyhive	 bey	 rt	
Cluster 4:	 nowplaying	 love	 crazy	 beyonce	 http	 jay	 listenlive	 remix	 feat	 drunk	
Cluster 5:	 diet	 fatloss	 nutrition	 weight	 http	 lose	 beyonce_watch	 beyonce	 exercise	 loss	
Cluster 6:	 instagram	 proof	 photoshopping	 kim	 http	 beyonce	 bsi7bveo4j	 ziuhtn5s8n	 8um74j1thv	 0zpubvaexs	
Cluster 7:	 storey	 68	 figure8	 designs	 architect	 skyscraper	 inspired	 photos	 http	 beyonce	
Cluster 8:	 lil	 wayne	 wonder	 stevie	 beauty	 usher	 http	 love	 insubcontinent	 ghostface	
Cluster 9:	 keeps	 elegant_chick	 saying	 look	 like	 hun	 washing	 dopjones	 abi	 knw	
Cluster 10:	 ladies	 ring	 single	 http	 beyonce	 nowplaying	 like	 video	 zds3ovybdi	 engagement	
Cluster 11:	 radio	 playing	 nowplaying	 tunein	 2bfianrrxx	 player	 makeavoice	 edit	 love	 beyonce	
Cluster 12:	 em	 beyoncehard	 coreografias	 beyoncé	 orleans	 ontem	 new	 http	 ta	 flames	
Cluster 13:	 xkfp6jtaek	 askbelieber	 twzlylas	 https	 beyonce	 feels	 feimm	 fef4vb26et	 feet	 fees	
Cluster 14:	 jsfrkfwpvf	 https	 hejnialler	 beyoncemiami	 1zcteaorjg	 crying	 fucking	 omg	 8cmw0zetcn	 ing	
Cluster 15:	 mamas	 sean	 nominated	 big	 brown	 2015	 chris	 best	 international	 act	
Cluster 16:	 party	 jcolenc	 cole	 http	 neymar	 feat	 dances	 parkway	 miafestival	 returns	
Cluster 17:	 queronotvz	 haunted	 beyonce	 ｙｏｕ	 fees	 fek2babime	 feimm	 fef4vb26et	 feet	 feels	
Cluster 18:	 fav	 rt	 better	 http	 beyonce	 everything_vote	 rtorfavdecide	 rihanna	 nickiminaj	 meet	
Cluster 19:	 im	 bitch	 beyonce	 spraymendes	 bc	 gates	 loving	 lol	 hat	 don	
Cluster 20:	 nearly	 nude	 stuns	 gala	 met	 shows	 http	 beyonce	 u6gmohyl5q	 m0hvhovau1	
Cluster 21:	 fast	 mean	 sorry	 lmao	 beyonceybaby	 talented	 toni	 beyonce	 think	 replied	
Cluster 22:	 want	 dance	 makes	 beyonce	 body	 song	 like	 lol	 teacher	 grow	
Cluster 23:	 amp	 beyonce	 http	 jay	 cd	 rap	 music	 https	 chrisbrown	 hop	
Cluster 24:	 don	 beyonce__lyrics	 deserve	 tears	 beyoncé	 think	 beyonce	 fall	 amaze	 lyrics_guru	
Cluster 25:	 madonna	 video	 miley	 kanye	 http	 nickiminaj	 katy	 bitch	 rita	 west	
Cluster 26:	 just	 beyonce	 feel	 came	 did	 compared	 song	 don	 spotify	 like	
Cluster 27:	 xo	 beyonce	 playing	 connietalbot607	 kccdsesoey	 _xxbrxndy	 ave	 maria	 http	 ofgvpjz5hq	
Cluster 28:	 np	 countdown	 beyonce	 love	 ft	 soundcloud	 listen	 etc84qjny7	 drake	 9monthslater	
Cluster 29:	 love	 drunk	 beyonce	 https	 feat	 jay	 im_not_beyonce_	 mummy	 shelbyleighbowm	 http	
Cluster 30:	 feeling	 minaj	 nicki	 feat	 ft	 beyonce	 http	 nick	 music	 np	
Cluster 31:	 gt	 beyonce	 http	 leaked	 naked	 picture	 kingochie	 ihanna	 think	 dopefm	
Cluster 32:	 lt	 rihannadaily	 vmnp1wjhbf	 vs	 http	 pics	 itsrihannaomg	 beyonce	 rihanna	 8vguzzuoyp	
Cluster 33:	 remember	 beyoncememories	 beyoncé	 http	 iconic	 pulled	 offstage	 proves	 showed	 respect	
Cluster 34:	 reactionbeyonce	 beyoncé	 blue	 ivy	 http	 amp	 president	 ichlzwqg0y	 app	 family	
Cluster 35:	 1rhp1lk56n	 beyhive	 http	 queenb	 beyonce	 bey	 beyoncé	 blueivy	 solo	 jayz	
Cluster 36:	 major	 kc1k232vhv	 boob	 shows	 photos	 beyonce	 http	 malibu	 bikinis	 bikini	
Cluster 37:	 mike	 huckabe	 josh	 unforgivable	 pimp	 duggar	 says	 jay	 http	 beyonce	
Cluster 38:	 voting	 catching	 vote	 300	 ichoosebeyonce	 stop	 rt	 97	 103	 91	
Cluster 39:	 orleans	 new	 beyoncelite	 july	 kelly	 beyoncé	 missy	 rowland	 solange	 elliot	
Cluster 40:	 cd	 onsale	 beauty	 music	 audio	 edition	 profile	 2000	 http	 1cd	
Cluster 41:	 pr	 team	 15	 doesn	 pics	 want	 http	 beyonce	 vag7ne3zfh	 ru6ow41pwy	
Cluster 42:	 perfume	 women	 parfum	 heat	 eau	 collectible	 auction	 celebs	 http	 brand	
Cluster 43:	 leg	 bodysuit	 swimwear	 bulls	 cut	 summer	 high	 inspired	 fashion	 2015	
Cluster 44:	 listening	 halo	 beyonce	 song	 lmao	 stop	 old	 doing	 acyu8fknst	 nostalgic	
Cluster 45:	 style	 collectibles	 cd	 deals	 fashion	 dvd	 new	 sealed	 http	 2013	
Cluster 46:	 song	 beyonce	 favorite	 love	 dmahjbs7b2	 t7eebob0gb	 augustalsina	 http	 musicawardsfact	 listen	
Cluster 47:	 child	 destiny	 cd	 survivor	 collectible	 auction	 celebs	 single	 rare	 bootylicious	
Cluster 48:	 bro	 marc	 nelson	 dorsey	 song	 beyonce	 hard	 fanmasango	 metrofm	 romanticrepertoire	
Cluster 49:	 tapoutmusic	 gist	 tom	 big	 brown	 chris	 minaj	 rihanna	 nicki	 http	
Cluster 50:	 braless	 exclusive	 goes	 photos	 http	 beyonce	 fs7hvvnqjv	 skyj2fg6vk	 fdpuceaqxu	 mnp6iwjts5	
Cluster 51:	 instagr	 photoshopping	 proof	 kim	 http	 beyonce	 w7lt0wsudo	 qslq7qwdag	 4a4nzfi90w	 flcs7hcesh	
Cluster 52:	 katy	 perry	 madonna	 video	 star	 taylor	 http	 nicki	 ch	 declare	
Cluster 53:	 boy	 beyonce	 https	 understand	 xxcrcbgq26	 teerossftskales	 wizkid	 ciara	 small	 imma	
Cluster 54:	 nicki	 minaj	 beyonce	 missy	 rihanna	 radrebellion	 https	 collab	 hear	 elliott	
Cluster 55:	 girls	 drake	 ft	 love	 beyonce	 https	 pic	 asap	 man	 ronayhsois	
Cluster 56:	 say	 people	 bitch	 beyonce	 hate	 better	 term	 hometown	 sideways	 peacesign	
Cluster 57:	 won	 watching	 dreams	 sweet	 living	 5lclk71nab	 fur	 livelyrics	 soundhound	 mariah	
Cluster 58:	 building	 architecture	 connection	 curves	 http	 beyonce	 8xniqiemh6	 1cafaizgur	 figure	 design	
Cluster 59:	 songs	 make	 beyonce	 catchy	 dance	 need	 drake	 snapchat	 a1	 shit	
Cluster 60:	 kiss	 marry	 kill	 rihanna	 https	 nicki	 iggy	 shakira	 beyonce	 ariana	
Cluster 61:	 friends	 kuashiku	 uberfacts	 age	 beyoncé	 sit	 keys	 alicia	 realize	 13	
Cluster 62:	 look	 like	 person	 editing	 beyonce	 waka	 flocka	 missing	 stop	 girl	
Cluster 63:	 draw	 drew	 fatiha	 balogun	 jimmythenerd_	 rxissa	 honest	 tried	 look	 lmaoooo	
Cluster 64:	 queen	 beyonce	 vevo	 http	 lvpzda9ehn	 bee	 1236_adam	 https	 20	 fan	
Cluster 65:	 vine	 https	 funny	 werk	 dancevine	 latinathings	 dancing	 fairfightdancebattle	 tharealversace	 beyonce	
Cluster 66:	 pretty	 hurts	 beyonce	 sia	 prettyhurts	 hurt	 https	 western	 seulgr	 lagu	
Cluster 67:	 video	 youtube	 liked	 playlist	 added	 http	 beyonce	 lyrics	 time	 music	
Cluster 68:	 kelly	 missy	 elliot	 solange	 pose	 rowland	 knowles	 celebritiesofcolor	 photoset	 photo	
Cluster 69:	 musicnews_facts	 selenagomez	 taylorswift13	 arianagrande	 taylor	 queen	 sel	 beyonce	 tay	 gomez	
Cluster 70:	 hello	 sarkodie	 recounts	 prince	 ice	 said	 ___beyonce	 watch	 nigeria	 thisisselby	
Cluster 71:	 run	 world	 girls	 ii	 small	 beyonce	 tune	 rpz	 lotfihakkou	 vlp	
Cluster 72:	 carter	 giselle	 knowles	 300	 ichoosebeyonce	 beyoncé	 season	 empire	 episode	 appear	
Cluster 73:	 got	 sister	 ain	 dope	 competition	 beyonce	 22yypgfwv3	 chill	 http	 bad	
Cluster 74:	 justin	 overrated	 artist	 bieber	 https	 ariana	 beyonce	 iggy	 selena	 8mtdqgryj8	
Cluster 75:	 11	 beyonce	 http	 https	 choreography	 video	 jam	 np	 comes	 myoung	
Cluster 76:	 didn	 know	 incidents	 held	 mad	 keviin_lxxxviii	 just	 aka	 pissed	 nipple	
Cluster 77:	 touched	 skinny	 makeup	 gets	 boob	 http	 beyonce	 tunbspxrny	 zcx7uwn88s	 kuaufmcifs	
Cluster 78:	 broken	 girl	 hearted	 heart	 beyonce	 ines_elghl	 remind	 onemapua	 ___j2x	 texijk3lfr	
Cluster 79:	 crazy	 love	 https	 beyonce	 grey	 cosign	 50	 feat	 drake	 qsm6vvnpvh	
Cluster 80:	 miss	 beyonce	 https	 armstrongdavett	 putitn_yomouth	 a1eprk2ze0	 4jgzoizsoy	 eazonz679g	 version	 pjxuk84eao	
Cluster 81:	 listen	 cover	 https	 pls	 dhvo9hmwya	 beyonce	 youtube	 official_tink	 halo	 smule	
Cluster 82:	 kellyrowland	 missyelliott	 solange	 solangeknowles	 missyelliot	 orleans	 essencefest	 amp	 essencefestival	 https	
Cluster 83:	 flawless	 beyonce	 nicki	 https	 iwokeuplikethis	 saadrfq	 queronotvz	 woke	 like	 carioca_96	
Cluster 84:	 day	 http	 beyonce	 billboard	 independence	 work	 does	 jjlfnisglf	 lemonade	 10	
Cluster 85:	 madonna	 mileycyrus	 katyperry	 nickiminaj	 ritaora	 video	 bitchimmadonna	 bitchimmadonnavideo	 https	 http	
Cluster 86:	 93paynox	 gaga	 czy	 13	 beyonce	 perfecttwo08	 bey	 fees	 fell	 fek2babime	
Cluster 87:	 thanks	 following	 great	 beyonceexplicit	 vexedbecca	 beyonce	 human	 sup	 thhweeknd	 partition	
Cluster 88:	 come	 things	 comes	 mom	 beyonce	 jay	 dad	 hoping	 polygamists	 forward	
Cluster 89:	 beyonce	 https	 http	 jay	 rihanna	 video	 really	 skyscraper	 irreplaceable	 best	
Cluster 90:	 blueivy	 blacchyna	 sola	 ericamena	 kimye	 tag	 gudfemjxqv	 jayz	 beyoncé	 rihanna	
Cluster 91:	 dangerously	 love	 beyonce	 nob0dyinmylane_	 esentment	 aint	 lmao	 favorite	 album	 better	
Cluster 92:	 life	 resentment	 live	 beyonce	 youfamousgirl	 candiikismet	 belindapendragon	 thiquesawsebawse	 pixielucky	 schoolin	
Cluster 93:	 hot	 wanna	 ma	 yo	 iz	 shawty	 lyk	 fiancee	 ill	 make	
Cluster 94:	 bet	 watch	 hi	 said	 awards	 http	 video	 sakordie	 win	 beyonce	
Cluster 95:	 care	 thebestvocal	 forever	 young	 beyonce	 don	 http	 pt	 know	 pixielucky	
Cluster 96:	 swimsuit	 cleavage	 shows	 photos	 beyonce	 miami	 britain	 http	 plbslshzqr	 foe5drawe8	
Cluster 97:	 celebrity	 britishvogue	 rihanna	 bridesmaid	 favourite	 chain	 http	 gswstqsqzz	 tshirt	 beyonce	
Cluster 98:	 power99philly	 djdocb	 baby	 love	 beyonce	 oh	 boyz	 allstate	 ear	 gone	
Cluster 99:	 lady	 gaga	 ladygaga	 telephone	 ft	 waiting	 elephone	 phone	 video	 beyonce	
