HTC_Speaker,1552
Page-ReadinG,602
-Smartphone,593
eBay,478
Model)32GB,249
Sleeve/Case,217
iphone/Samsung/HTC,185
blackberry,179
desire816G,158
SILVER/Gold,143
Windows/Android,140
M7-M8,124
4G-LTE,121
Sleeve/Cover,115
Samsung/LG/Sony/HTC,113
verizon),112
USB,104
Sprint)(Bad,99
T-Mobile,97
Gray,93
iPhone6,91
Cable,91
Bluetooth,90
Gunmetal,84
TexansCheer,83
Wireless,82
Charger+Micro,82
4G,80
ESN/IMEI,69
8GB,68
Slot,65
AT&T,64
16GB,63
Galaxy,63
PARTS,63
Stereo,61
Flagship,61
dual-SIM,58
Charger,55
Factory,53
CDEALS10,52
Skin,51
Headset,50
Model,47
HTConeSleeve,47
Cellphone,46
Touchscreen,46
apple,44
Headphone,42
Aero,42
today,42
Sony,41
photos,39
Year,39
1pcs,37
freestyle,36
LGIndiaTwe,36
HANDSET,36
+MINI,36
Gold/Silver,35
HTCOneM9,34
Device,34
RECAMERA-W,34
GSM,33
Nexus,33
HTConeMax,33
BATTERY,33
S3S4,32
myTouch,31
Protector,31
‚Ü∫,30
thanksüòÄ,30
White,29
Condition/slightly,29
weekend‚ùóÔ∏èüëØ,29
Repair,28
EVO,28
EmperorLeather,28
AUDIO,28
WiFi,28
Speck,27
iPad,27
Harman/Kardon,26
birthdayüéâ,26
Nokia/htc,25
Designer,25
Edition(Latest,25
follower,25
Motorola,25
Hardware,22
Kickstand,22
summer,22
CARBON,22
Grip,21
BestMaleAthlete,21
Sticker,21
Resale,21
EXTRAS,21
morning,21
Shipping/30-day,21
Impact,21
fall,20
description,20
Candyshell,20
Data,20
DNA,20
Wrap,19
G23,19
Cricket,19
angelXwind,19
update,19
Faceplate,19
PS3,19
Thursday,18
Bids)End,18
Clip-On,18
Panels,18
colors,18
SunGlasse,18
Sync,17
release-key,17
wildfire,17
SupportMissTanakpur,17
HTC_Liz,16
Hybrid,16
GreenGoat,16
GUDwQI,16
front/rear,16
Brand,16
Display,16
Wallet,16
SV,15
4FT,15
Sumsung,15
Earphone,15
4X,15
AUX,15
M/M,15
OPTIMUS,15
L9,15
RAVPower,15
Cardboard,15
Otterbox,15
G3,14
Features,14
Windows8,13
Frame,13
Holder,13
Lollipop,13
Review,13
WATERPROOF,13
shipments,13
HTC‚Äô,12
Sparkle,12
Anybody,12
TPU/PC,12
Snapdragon,12
June,12
-inch,12
New+Gift,12
Bank,11
Fibre,11
Contract/free,11
HTCUSA,11
Rumor,11
S511,11
meantime,11
Grey,10
Diamond,10
Huawei,10
Vinyl,10
CEO,10
VX,10
Navy,10
Shop,10
Wrist,10
Accessories,10
Google‚Äô,10
foxstarhindi,10
S4/Note2/Note3/,10
price,10
material,10
