anti-Uber,626
Uberprotester,443
drivers,324
Frenchie,318
taxi-driver,317
Parisien,252
CourtneyLove,124
airports,119
TheLocalFrance,98
challenges,96
look,86
cars,85
Transportation,81
nytimesworld,75
hubs,73
Loveâ€™,70
NewsweekA,64
singer,61
strike,48
WhatsApp,47
nytimesbusine,47
Cabbies,44
promocode,41
Thursday,39
Tweets,32
Hostage,32
rioter,32
York,31
Ordeal,31
marketing,27
Blockade,25
company,24
ensnares,22
Clashes,22
Documents,21
anything,21
KrazyRide,21
chaos,19
ScottAdamsSay,17
Training,17
usatodaytech,16
people-,15
roads,15
service,15
Sales,14
Twitter,14
smartphone-era,14
pics,14
partnership,14
BusinessNewzzz,13
LifestyleNew,12
Warfare,12
something,12
Two-Way,11
Mind,11
email,11
successe,11
technology,11
Postmate,10
Worker,10
actress,9
tires,9
Glink,9
job,9
Washingtonian,8
Guerrilla,8
economy,8
Guide,8
competition,8
rages,8
uberGuyy,8
self-driving,8
Baghdad,7
Monster,7
insurance,7
industry,7
Cannes,7
Marseille,7
Gates,7
City,7
Thousands,7
crossfire,7
UberPOP,6
practices,6
BBC,6
Thanks,6
Google,6
billionaire,6
LivingSocial,6
Violence,6
/r/video,6
customers,6
PhotosNew,6
invite,5
police,5
Amazon,5
China-US,5
chicagotribune,5
demonstration,5
Reuters,5
mayhem,5
homepage,5
companies,5
trip,5
Predicament,5
westgov,5
problem,5
shot,5
account,5
Rocksmithgame,5
facts,5
hours,5
Govt,5
wilbank,5
wine_festival,5
friends,5
bitche,5
Disruption,5
gunman,5
UberBOAT,5
Uber/Lyft,4
Snapchat,4
promo,4
Apple,4
CitrixReady,4
months,4
BloombergLaw,4
someone,4
TheLTDA,4
stephenpollard,4
TypewriterIntl,4
response,4
issues,4
travel,4
streets,4
rules,4
Americans,4
theory,4
BuzzFeedNew,4
anyone,4
Ideas,4
Istanbul,4
Indian,4
MattHalfhill,4
Moment,4
Employees,4
niggas,4
girlðŸ˜­ðŸ˜­,4
Midnight,4
foodbank,4
background,4
Protestor,3
placard,3
uberwondermagic,3
UBERX,3
Insider,3
team,3
yesterday,3
everyone,3
minister,3
CNN,3
Tech/Media,3
traffic,3
place,3
Share,3
Lessons,3
Unete,3
week,3
touch,3
route,3
labor,3
crisis,3
TechCrunch,3
Science,3
users,3
ownership,3
clothe,3
London,3
pickups,3
BDliveSA,3
claudiakincaid,3
Snaphelp,3
globeandmail,3
point,3
msuster,3
htTweet,3
regulation,3
review,3
Robots,3
funding,3
sidnangia,3
Contractors,3
Pictures,3
kind,3
future,3
Uber-Style,3
LeBron,3
Strengths,3
revolt,3
dude,3
OliviaHusseyLA,3
innovation,3
note,3
rivals,3
Germany,3
Questions,3
Continents,3
Water-Taxi,3
NYCMayorsOffice,3
Uber_Support,3
Arab_News,3
Delivery,3
terrorism_info,3
Lilblackie_,3
map,3
Startups,3
shower,3
surgery,3
TaxiForSure,2
CraigNews3LV,2
Olacab,2
Francisco,2
Obamacare,2
Classification,2
nothing,2
taxe,2
everything,2
Department,2
FoxBusine,2
data,2
visualization,2
gf,2
Lyft,2
Parent,2
NASA,2
OPINION,2
Ola,2
Engadget,2
Developers,2
SUV,2
Lyon,2
balance,2
barricade,2
Council,2
cost,2
stations,2
reply,2
horse,2
Gizmodo,2
shit,2
hotel,2
The_LCDC,2
JC,2
Uberâ€™,2
DTN,2
AKQA's,2
Lions,2
smash,2
deliveries,2
Bosporus,2
PRESS,2
fuck,2
Hindustan,2
wage,2
Safer,2
school,2
Mob,2
couple,2
charges,2
fire,2
U.S.,2
RT_com,2
creation,2
FortuneMagazine,2
Q&A,2
role,2
woman,2
head,2
360b,2
St.,2
Louis,2
opposition,2
etc,2
Cobain,2
Bullet_News,2
money,2
event,2
morning,2
protections,2
approval,2
drones,2
hundreds,2
lunch,2
minutes,2
employment,2
Acce,2
UK,2
Weakness,2
system,2
chicken,2
change,2
donations,2
solution,2
Irwin,2
kids,2
software,2
crusso,2
comments,2
rampage,2
tourists,2
power,2
authors,2
vicapow,2
PrivacyCamp,2
Others,2
greenhousenyt,2
Acquisition,2
southportgrocer,2
BEAST,2
shutdown,2
wallet,2
Convenience,2
Arnaud_boisseau,2
fury,2
GoddessofGrain,2
capitalism,2
areas,2
bottom,2
Online,2
Eurostar,2
States,2
laws,2
PM,2
dollars,2
youtube,2
Rush,2
guardian,2
brianmlucey,2
unions,2
gogobot,2
Decals,2
Fear,2
Uber_Miami,2
reports,2
MatthewKeysLive,2
verge,2
name,2
SEXINESS,2
Ticket,2
number,2
answers,2
MSCW2015,2
Story,2
farm,2
kris_dunn,2
Europeans,2
Stories,2
Calais,2
asshole,2
backyard,2
nycjim,2
result,2
standstill,2
shooter,2
nprnews,2
Authority,2
stratford,2
Netflix,2
Amanda_Compton,2
refunds,2
AnonymousHQInfo,2
radio,2
passenger-pooling,2
PHLBizDNorton,2
BizMattersmag,2
tomorrow,2
uber-driver,1
Todayâ€™,1
anti-free,1
Playtime,1
driver-approval,1
technews_today,1
blockairport,1
Pride,1
Driverle,1
MusicTime,1
Bookmycab,1
ridesharing,1
Blockbuster,1
warefare,1
nytimestech,1
CheckerTaxiYYC,1
Therealbeadles1,1
toptechticker,1
outrage,1
BlueLineTaxiOtt,1
TaxiLegal_,1
apartment,1
meantime,1
hassan_zamir,1
N.Y.,1
odds,1
Bendy's,1
dond193,1
summer,1
CA$20,1
cousin,1
Group,1
TribuneA,1
Belgium,1
Malaysia,1
Peoria,1
Hokusai,1
Queensland,1
Century,1
Microsoft,1
Fiction,1
fleet,1
Regardless,1
rights,1
wrongs,1
spkenny67,1
Hailo,1
Advancement,1
demand,1
Schiit,1
Stacks,1
chance,1
Bentley,1
Bentayga,1
Royce,1
segment,1
Luxury,1
ConorMaynard,1
HMV,1
alb,1
r7garry,1
commuters,1
fraud,1
4thStreetParty,1
LaPonceBoutique,1
marcels57,1
WhosDrivingYou,1
Uber_API,1
Pebble,1
integration,1
California,1
message,1
rescue,1
character,1
PLL,1
Ruptly,1
approx,1
mrstevenahall1,1
Joshua,1
24/7,1
advisor,1
obviouslybinky,1
blurtebus,1
passport,1
NiallHarbison,1
case,1
craiguito,1
eggs,1
L'OEUF!,1
zeynep,1
valuation,1
JewishPolitical,1
Blasio,1
ines_ferre,1
aET,1
cure,1
baby,1
MSCRAFTBEER,1
Craft,1
Beer,1
cuts,1
uberhoodtony,1
nyctaxi,1
interpretations,1
predatory,1
streams,1
SCOTUScare,1
table,1
town,1
cart,1
dicks,1
Jun,1
UberSweet,1
gtcs,1
hedges,1
production,1
loss-I,1
greed,1
glenn_dunbar,1
LHR,1
drop,1
hmquinnell,1
editor,1
Calabasas,1
Malibu,1
4thstreetwine,1
$F,1
Popularity,1
incidents,1
Daily_Express,1
meltdown,1
butt,1
Ãœber,1
ooberlostagain,1
percentage,1
wheel,1
chair,1
distance,1
Uber_RSA,1
protocol,1
Ohio,1
incumbents,1
government,1
servers,1
benefits,1
Americaâ€™s,1
auction,1
favorite,1
Tyrannosaurus,1
H.A.L.,1
Remix,1
SoundCloud,1
statement,1
standard,1
Anniversary,1
LAX,1
credits,1
risks,1
Bravo,1
l'#image,1
Lenka_Petkova,1
consumers,1
investors,1
becki,1
portugal,1
courtesy,1
following,1
hike,1
rates,1
halisaku_cgn,1
birthday,1
Ã¼sseldorf,1
Cologne,1
article,1
college,1
grads,1
Sheffield,1
Wave,1
l'Uber,1
Wallace,1
Vinyl,1
Decor,1
participant,1
Sticker,1
Mural,1
Edwardian,1
Debenhams,1
Gibson,1
Carrara,1
marble-like,1
tiles,1
Doulton,1
subject,1
spikes,1
holidays,1
Miserables,1
economics,1
cheese,1
heythandi,1
bondage,1
pick-up,1
Scenes,1
vacation,1
JustJared,1
JwalantSwaroop,1
rameshnarayan,1
invasion,1
territory,1
Nairobi,1
target,1
conference,1
website,1
Columnist,1
Atlanta,1
argument,1
entrepreneurship,1
wealth,1
Webinar,1
HelgeKlein's,1
AGENT,1
details,1
viene,1
kroq,1
motorcycle,1
ABC,1
sfiegerman,1
JacquesKotze,1
gender,1
equality,1
thought,1
gear,1
Yeezus,1
semi,1
perusal,1
crb,1
checks,1
WorkMarket,1
manager,1
Scams,1
livelihood,1
JBGregoire,1
smuck,1
rapists,1
Libertea2012,1
dougducey,1
governor,1
education,1
Anthony,1
crotches,1
wife,1
mov,1
stuff,1
Collision,1
income,1
BenjaminHarvey,1
reserves,1
janitors,1
paulycristo,1
wap,1
toilet,1
ndiakopoulos,1
papers,1
call,1
Emergency,1
conversation,1
kevinspellman,1
hero,1
rebellion,1
Greece,1
Hack,1
Summit,1
ANCMafia,1
Marikana,1
window,1
reason,1
Ivory,1
Coast,1
Somalia,1
Pakistan,1
asf,1
tbh,1
apologies,1
ðŸ‡«ðŸ‡·,1
bump,1
List,1
speed,1
Independent,1
Starbucks,1
experiment,1
Portland,1
Leendert,1
biancamarroquin,1
Mexico,1
LaLa,1
jncatron,1
wcw,1
main,1
squeeze,1
KeeyaDixon,1
DonSheyonne,1
iamJohnWood8,1
ChefBoiDevie,1
Jersey,1
Rental,1
reservation,1
Duluth,1
milliganHawke,1
seconds,1
highlights,1
Jakarta,1
talk,1
face,1
piltdownlad,1
Child,1
Fly4Me,1
FAA,1
JEEEERBS,1
Francais,1
TheBibbyG,1
Kellam,1
skift,1
HannaIngber,1
basi,1
NYGovCuomo,1
contact,1
whitehatinfosec,1
behavior,1
pix,1
whaleblahblah,1
AksharPathak,1
auto-wallas,1
inch,1
lamb,1
mouth,1
slave,1
Overreaction,1
TMZ,1
arsinxctc,1
Ruling,1
Watershed,1
Freelance,1
dfhyland,1
Reign,1
CNET,1
razibkhan,1
anglo-saxon,1
mathieuvonrohr,1
Juggernaut,1
lobbyists,1
Walmart,1
dcrainmakerblog,1
techdirt,1
model,1
limbo,1
Law360's,1
vithelus,1
woes,1
poeticgooner,1
sister,1
HuffingtonPost,1
GetTechSpective,1
Uper,1
Players,1
cities,1
HoesCUM_iGo,1
person,1
cell,1
Madoff,1
WSJlawblog,1
wake,1
rethinkcanada,1
public,1
MikeBeas,1
handgun,1
Empire,1
fan,1
G7,1
hollowly,1
Buildings,1
musician,1
Wellington,1
Ipeks,1
wykked,1
kitchen's,1
beef,1
wraps,1
Mediterranean,1
akx2019,1
hearing,1
Celeste,1
Jacksonville,1
angeln256ue,1
simplepretty,1
marylebone,1
Center,1
Westwood,1
blvd,1
am-,1
mount,1
street-view,1
years,1
journey,1
miles,1
tap,1
Korean,1
hautgler,1
shake-up,1
Paree,1
EvilKimau,1
term,1
temp,1
NYDailyNews,1
GavRozelaar,1
NOTICI1,1
CatClifford,1
thinmint215,1
PTXofficial,1
heart,1
luck,1
aim,1
p0xb8,1
â‚¬,1
student,1
ability,1
Stonewall,1
battle,1
creatives,1
LasVegas,1
door,1
lanes,1
price,1
STLtoday,1
EarnFreeBit,1
Prime,1
gripes,1
Toulouse,1
Bordeaux,1
Lille,1
chris2x,1
turns,1
imcollin58,1
knowledge,1
hire,1
meter,1
akhilc108ue,1
venture,1
Attack,1
DiffuserFM,1
wvhblly,1
Armish,1
buggy,1
receipt,1
direction,1
jonahkeri,1
beauty,1
NONE,1
EDM,1
hixsondan,1
cabtradenews,1
570News,1
w4rme,1
whistleblower,1
breach,1
process,1
Lucinda,1
Entrepeneurship,1
advertising,1
CharltonGrace,1
liam's,1
solos,1
failure,1
ASAPYams,1
FETISH,1
profit,1
experience,1
stamp,1
russellybarra,1
car-sharing,1
Mundo,1
Machine,1
Periscope,1
DonFreshi,1
ðŸ˜‚ðŸ˜‚ðŸ˜‚ðŸ˜‚ðŸ˜‚ðŸ”¥ðŸ”¥ðŸ”¥,1
unrest,1
Brits,1
crackdown,1
activity,1
FoursquareITP,1
impact,1
cigarette,1
pain,1
distruption,1
tantrum,1
Uber-reacted,1
JaymesV,1
commercial,1
anna_orso,1
louteasdale,1
NoticiasTech,1
hannahkuchler,1
squash,1
Millions,1
revenues,1
Cancers,1
blakegriffin32,1
TheUberNews,1
rocket,1
kaylavictoriax_,1
Charles,1
yesalltrains,1
watchdog,1
biogas,1
LindaSuhler,1
Shooting,1
LiberalLogic,1
colinkelly,1
bcador,1
geekwire,1
lionelbarber's,1
lift,1
Angeles,1
surgeons,1
duncantrussell,1
Airbnb,1
Blablacar,1
nuove,1
leezysback,1
sfide,1
della,1
trucking,1
inefficiencies,1
Uber-like,1
Lagos,1
speaker,1
front,1
DJ,1
booth,1
Italyboy73,1
wellbelove,1
Rise,1
jet,1
mmerlange,1
TVs,1
plans,1
Assault,1
THISDAYLIVE,1
jeffmgould,1
Viva,1
England,1
PNA,1
regs/tests,1
rant,1
Blessings,1
Channel,1
ReggieVaitz,1
Dong,1
Hollande,1
insurer,1
geoffreyfowler,1
Demotivateur,1
MariaBartiromo,1
assistance,1
thug,1
everybody,1
MMNewzz,1
DH_DaniB,1
gym,1
Eureka,1
digital,1
Euractiv,1
Weengs,1
Reboot,1
location,1
Yahoo,1
_martinice,1
khull71,1
choice,1
Brookline,1
files,1
bankruptcy,1
decade,1
Little_Fickle,1
drafts,1
evening,1
tyleroakley,1
SUP3RFRUIT,1
JEANS,1
BOOTS,1
jyarow,1
concealed,1
idiots,1
Glastonbury,1
horror,1
Mort,1
Pussy,1
gyromitre,1
strategy,1
Londra,1
fabienlaine,1
MrScottEddy,1
UberFR,1
MYVCREW,1
Travis,1
consultants,1
coffee,1
needs,1
perks,1
BlvmeIt,1
hunger,1
