Obama‚Äôs‚Ä¶,0
Modi‚Äô,0
FIFA16UKCover,0
Thanksgiving-,0
beatles_lyrc,0
ISSNobelPrize,0
ex-IPL,1
Prize‚Äô-,1
Swaraj-Lalit,1
Birthdayy,0
Higgs-Boson,3
video,1
_Higgs_Boson,0
Peace,1
Ex-President,0
HouseCracka,0
INCAseemKP,0
IndianExpre,0
Shopping,1
TimesNow,1
teenagesAdvice,0
Sasha,1
Dress,1
Milani,0
Malia,2
Beyonc√©‚Äô,0
Marines,1
Winners/People/History,0
SHOWDOWN,1
openfaceturkey,0
underworld,0
BeyonceÔøΩ,0
narendramodi,1
Obamatrade,0
Money-Laundering,0
plans,1
chairman,0
approach,1
rpm,0
10year,0
Voter,0
birds,1
Hair-removal,0
MichelleÔºé,0
Prime,1
HistoryFlick,0
U.S.S.R.,0
anything,1
Songbook-The,0
RoyalReporter,0
Beauty,2
steam,0
TOTS,6
Women‚Äôs,1
Gameplay,1
PAULI-BABY,0
InternationalDayOfPaulMcCartney,0
Obamacare,0
W/Cup,1
Laser-Skinca,1
lawyer,1
PARLOPHONE,1
government,3
pact,1
JonathanFarrel7,3
IndiaTodayFLASH,0
Pacific,1
BJP4India,1
Shahrukh,0
Weerthepeople,0
CRICKETERS,0
DEALS,1
Modi-Sushma,0
dinnerüòâ,0
score-settling,0
SmoothSkin,0
IISuperwomanII,0
delight,0
Minister-RAO,0
washingtonpost,0
mediaperson,0
Constitution,1
Friendship,1
names,2
influence,0
goDODOgo00,0
REFILE-USDA,1
FabsFans9,0
outbreak,1
CONGRESSMEN,0
innings,1
PACKS,1
aFacebook,0
hints,1
Reuters,1
abpnewstv,0
lifestyle,0
üëáGovt,0
The_MuslimTime,0
Billionaire,1
titties,1
veggaa,0
Midwest,1
Republicans,1
VasundharaRaje‚Äô,0
barackobamazz,0
funfactsed,0
Photoset,0
giveaway,1
JOBETE,0
Family‚Äô,0
Homer_Simpson,0
Hunt‚Äô,0
players,0
scientists,1
pieces,2
GUYSer,0
DreamGirlsOnly,0
BRASTJANPARTY,0
particle-God,0
Danny_Johnson__,0
performance,1
christmas_clock,0
-Sign,0
Thanksgiving/American,0
MachineÔºö,0
statesman,0
Love‚Äô,0
sharmanagendar,0
Politicians,1
helplessne,0
tonight,1
Tours,1
Advani‚Äô,0
weekend,1
Swaraj‚Äô,0
Administration,1
HuffPostScience,0
schoolchildren,0
Disappointment,0
Ramadan,1
community,1
Sajid,1
democracy,0
probe,2
Yesterday,1
SharadPawar,0
England,1
Vasundharaje,0
scam-free,0
bullshit,1
alexmorgan13,0
Hotelier,0
campaign,1
tomorrow,0
EASPORTSFIFA,0
PChidambaram_IN,0
MUND0NICKIMINAJ,0
Ramzan,1
georgetakei,1
Yousafzai,1
YogaDay,0
album,2
June‚Äô15,0
PHOTOREJUVENATION,0
scandalFirstpostThe,1
Splat_Blatter,0
-VINYL,0
prayer,2
Protable,1
COWBOYS,0
acrossUpdate,1
kailashkaushik8,0
playlist,1
crores,3
BITCHES,0
device,1
Iraq,1
COUNTRYüëÇüíØHE,0
-Something,0
lennon_is_love,0
GISALEGEND,0
Physics-Astronomy,1
competition,0
RECORDS,1
forbeshealth,0
everyone,1
Directorate,0
interview,1
GujratModel,0
Courtoi,0
Rstarr,0
FIFAWWC,0
Sharad,1
Road/For,0
Mr.,1
BQuotesOfHeart,0
Tribune-Review,0
GROUNDS,1
picture,0
greetings,1
Group,1
Biden,0
Blues,1
SirZaidHamid,0
screwlabour,0
Rocking_Virat,1
experience,2
London,1
Satyarthi,2
musicnews_shade,0
BitchImMadonna,0
coins,1
leadership,0
FootballVine,0
Cameroon,2
exposeliberal,0
RAIDERS,0
Facebook/Twitter,0
Actors&zAdanizAmbani,0
zAmbani,1
husband,0
Brunswick,0
someone,0
Santner,1
Pakistani,0
TREASON,0
firepower,0
transaction,0
Indo-Russian,0
Nobel-prize-winning,0
AAPforINDIA,0
4abbeywood,0
nothing,1
Fav4,0
workout,0
criminals/,0
iplchief,0
BCCI&IPL,0
ProfessorF,0
MONTHS,0
Matching,0
brotherhood,0
Harrison,0
Reissue,1
everything,1
pavilionopinion,0
controller,0
ClimateDepot,0
commentator,0
Capitol,1
emergency-like,0
PS4,1
ZootrSport,0
michaela_m09,0
Advisers,1
MovieMantz,0
Thursday,1
murderer,0
Delhi,1
Medicine,1
anybody,0
ShashiTharoor,0
sessions,1
nCFAIOpCS,0
mahomiemoment,0
digvijaya_28,0
console,1
JamesWatson,0
remover,1
iSTAYHEAITHY,0
Israeli,0
relationship,1
Marchizzum,0
fucker,0
CMS,1
cards,1
INhumanitarian,0
Watercolor,1
Disinformer,0
mk_mo_,7
Smartfood,0
Mobile,1
anyone,1
meals,1
Daddy,0
ablazeandalive,2
InStyle,0
questions,1
Charlotte,1
Douglas,2
Contributor,1
LIGUE,1
ItalianMarine,0
diet/exercise,0
HartoshSinghBal,0
Podcast,1
RainbowGathering,0
ShowoffByDesign,0
Bhandari,0
Op-Ed,1
greenFaithWorld,0
binding,1
documents,1
NarenderModiNZ,0
ModiSarkar,0
corruption,1
season,0
Literature,0
HIGHLIGHTS,0
AmitShahOffice,0
IBRAHIMOVIC,1
researcher,0
ladygaga,0
replacement,1
African,0
MemesSquad_,0
FirstpostFive,1
supplication,1
decolonizeearth,0
TwoHeadline,0
EOSIKA,1
CanadaSoccerEN,0
BRORADIO,0
ex-wife,0
FunnyVine,0
DailyO_,0
hashtags,1
summer,0
ideaüòÇüôåüèº,0
tattoo,0
words,0
TIPS,0
marks,1
clarion,1
Atheist_Club,0
UniverseÔºü„ÄëDialogue,0
IPLtreatment,0
interest,0
goalpost,0
BeerTastingSoundtrack,0
breastfeeding,0
Stephen,1
_foulqueen,0
Official‚Äôs,0
„ÄåBLACKBIRD„Äç,0
cwatson34,0
Cronies,1
rescue,0
Patriots,1
Guest,1
Battlefront,0
mistake,1
Parade,1
NARCISISM,0
championship,0
Concert,0
grassroot,0
baby,1
TheoryFail,0
Footy_Joke,0
Soul/sole,0
kids,0
MailSport,0
Accountability,0
Fidel_tweets27,0
eBay_US,0
LalitModi,1
NV-T101,1
Maron,1
morning,2
Sepptember,0
Physiology,1
blessing,1
UPA2,3
JHenderson,0
Ward_PesUnited,0
International,1
Writeintrump,0
spam,0
SALON,0
HALES,0
NIGGAS,0
CharlestonShooting,0
imprincesskiran,0
Secretary,0
OFFERS,0
anniversary,1
Fats,1
uproar,1
Modi-Sharif,0
vintagepicz,0
Cavern,0
Parenting,1
concern,1
6CD,0
Arnab,2
Areas,1
talks,1
hour,1
JERUSALEM,0
tests,1
Opposition,1
Mexico-France,0
Korea_Republic,0
TheAnfieldWrap,0
Banko,0
grandmother,0
Remixe,0
lessons,1
Urdu,1
reply,1
WandererSS6,0
kaakyire,0
deathmatch,0
Stones,1
stage,1
Personality,0
JaItaly,0
Knowles-Carter,0
extension,0
statement,0
ticket,0
WeDoItAgain,8
Malala,1
JUDEÔºèTHE,0
realDonaldTrump,0
wickets,1
Ringo,1
Caitlinkin,0
Sampathkumar,0
officer,0
degree,1
injustice,0
November,1
Christian,1
Bready,0
ndtvindia,0
episode,0
determination,1
Kickstarter,0
katyperry,0
Girlfriend,1
zAdani,1
judge,2
Aung,7
Suu,7
booking,0
GiselleTka,0
sardesairajdeep,0
CzarofFreedom,0
YouTube,1
MakeAVoice,0
controversy,1
DJChurch94,0
rules,1
inaction,1
Jewish,1
Partnership,0
SunandaPushkar,0
Hawking,1
laureate,1
shrine,0
perversion,0
FearInSociety,0
Street,1
Putin‚Äô,0
Reminder,1
Heath,0
Collaboration,1
businessmen,0
Award,1
Mumbai,2
release,1
guideline,0
Williamson,1
colleague,0
Royal__Co,0
yr1-training,0
vanguardngrnews,0
writerfarmer,0
XBOX/PSN/ANDROID/IOS,1
ANI_new,0
Carter,0
Tenancy,1
energy,0
ConspiracySeek,0
System,0
SheDuLe_PrOfiLe,0
Mystery,1
Sgt,1
lily,1
BEYONC√â,2
pads,1
Thugville,1
Ganga,0
MINTS,0
GaryJWhiteTD,0
remarks,1
Switzerland‚Äô,0
CrowdfundSpirit,0
LeoMessi_Agent,0
Economic,0
Trailer,1
Police,1
authoritie,0
acne,1
Prizefighter,0
Gracevillecc,0
electricity,0
Poppie,0
supporter,0
jgopikrishnan70,0
Pepper's,1
ShuklaRajiv,0
students,1
CAPGUNTOM,0
Code,1
citizenship,0
fraud,0
PAPERBACK,0
CollegeBoyNick,0
Unisex,0
MissionBihar,0
holiday,0
SLEEVE-,0
bishopwtjackson,0
AndroidAuthority,1
Apple,0
Assistant,1
Eatingbreakfast,0
tenant,1
families,1
humility,1
lasting,1
Eoin,1
theverge,2
TheSchoolOfLife,0
Michael5SOS,0
Jordan,0
number,1
failure,2
praiseEmail,0
KPMG,0
Brazil‚Äô,0
Chancellor,0
Lincoln,1
heritage,1
https,0
minute%,0
Gujarat,1
Blogger,1
context,0
Arsenal,2
JasumatiPatel,0
Backheel,0
speeche,0
Lalitgate,0
SOUTHEE,1
message,1
PopeyesChicken,0
microcredit,0
Clevelandtown,0
itsrihannaomg,0
breakthrough,1
change,1
gifts,1
Geneticist,1
TopDrawerSoccer,0
father‚Äô,0
FemaleText,0
Development,0
bowler,0
