Obama‚Äôs‚Ä¶,1004
Modi‚Äô,913
FIFA16UKCover,892
Thanksgiving-,830
beatles_lyrc,740
ISSNobelPrize,694
ex-IPL,595
Prize‚Äô-,588
Swaraj-Lalit,461
Birthdayy,290
Higgs-Boson,264
video,240
_Higgs_Boson,229
Peace,215
Ex-President,199
HouseCracka,193
INCAseemKP,180
IndianExpre,175
Shopping,166
TimesNow,165
teenagesAdvice,161
Sasha,158
Dress,154
Milani,153
Malia,152
Beyonc√©‚Äô,152
Marines,151
Winners/People/History,146
SHOWDOWN,145
openfaceturkey,143
underworld,135
BeyonceÔøΩ,132
narendramodi,129
Obamatrade,127
Money-Laundering,124
plans,123
chairman,123
approach,120
rpm,119
10year,119
Voter,118
birds,116
Hair-removal,116
MichelleÔºé,112
Prime,108
HistoryFlick,101
U.S.S.R.,99
anything,97
Songbook-The,95
RoyalReporter,93
Beauty,93
steam,91
TOTS,90
Women‚Äôs,90
Gameplay,89
PAULI-BABY,88
InternationalDayOfPaulMcCartney,88
Obamacare,85
W/Cup,84
Laser-Skinca,83
lawyer,83
PARLOPHONE,82
government,82
pact,81
JonathanFarrel7,81
IndiaTodayFLASH,81
Pacific,80
BJP4India,79
Shahrukh,77
Weerthepeople,76
CRICKETERS,76
DEALS,75
Modi-Sushma,73
dinnerüòâ,73
score-settling,72
SmoothSkin,72
IISuperwomanII,72
delight,70
Minister-RAO,69
washingtonpost,68
mediaperson,68
Constitution,67
Friendship,67
names,66
influence,65
goDODOgo00,65
REFILE-USDA,64
FabsFans9,64
outbreak,63
CONGRESSMEN,63
innings,62
PACKS,62
aFacebook,62
hints,61
Reuters,59
abpnewstv,59
lifestyle,59
üëáGovt,59
The_MuslimTime,58
Billionaire,57
titties,56
veggaa,56
Midwest,56
Republicans,54
VasundharaRaje‚Äô,54
barackobamazz,52
funfactsed,52
Photoset,52
giveaway,51
JOBETE,50
Family‚Äô,50
Homer_Simpson,50
Hunt‚Äô,49
players,49
scientists,48
pieces,48
GUYSer,48
DreamGirlsOnly,48
BRASTJANPARTY,48
particle-God,48
Danny_Johnson__,47
performance,47
christmas_clock,46
-Sign,46
Thanksgiving/American,46
MachineÔºö,46
statesman,46
Love‚Äô,45
sharmanagendar,45
Politicians,45
helplessne,44
tonight,44
Tours,44
Advani‚Äô,43
weekend,43
Swaraj‚Äô,42
Administration,41
HuffPostScience,40
schoolchildren,40
Disappointment,40
Ramadan,39
community,39
Sajid,39
democracy,39
probe,39
Yesterday,38
SharadPawar,38
England,38
Vasundharaje,37
scam-free,37
bullshit,37
alexmorgan13,36
Hotelier,36
campaign,36
tomorrow,36
EASPORTSFIFA,35
PChidambaram_IN,35
MUND0NICKIMINAJ,35
Ramzan,34
georgetakei,34
Yousafzai,34
YogaDay,34
album,34
June‚Äô15,33
PHOTOREJUVENATION,33
scandalFirstpostThe,33
Splat_Blatter,33
-VINYL,33
prayer,33
Protable,33
COWBOYS,33
acrossUpdate,33
kailashkaushik8,32
playlist,32
crores,32
BITCHES,32
device,31
Iraq,31
COUNTRYüëÇüíØHE,31
-Something,31
lennon_is_love,31
GISALEGEND,31
Physics-Astronomy,31
competition,31
RECORDS,31
forbeshealth,30
everyone,30
Directorate,30
interview,30
GujratModel,30
Courtoi,30
Rstarr,30
FIFAWWC,29
Sharad,29
Road/For,29
Mr.,29
BQuotesOfHeart,29
Tribune-Review,29
GROUNDS,29
picture,29
greetings,28
Group,28
Biden,28
Blues,28
SirZaidHamid,28
screwlabour,28
Rocking_Virat,28
experience,27
London,27
Satyarthi,27
musicnews_shade,27
BitchImMadonna,27
coins,27
leadership,27
FootballVine,27
Cameroon,26
exposeliberal,26
RAIDERS,26
Facebook/Twitter,26
Actors&zAdanizAmbani,26
zAmbani,26
husband,26
Brunswick,25
someone,25
Santner,25
Pakistani,25
TREASON,25
firepower,25
transaction,25
Indo-Russian,25
Nobel-prize-winning,24
AAPforINDIA,24
4abbeywood,24
nothing,24
Fav4,24
workout,24
criminals/,24
iplchief,24
BCCI&IPL,24
ProfessorF,24
MONTHS,24
Matching,24
brotherhood,24
Harrison,23
Reissue,23
everything,23
pavilionopinion,23
controller,23
ClimateDepot,23
commentator,23
Capitol,23
emergency-like,23
PS4,23
ZootrSport,22
michaela_m09,22
Advisers,22
MovieMantz,22
Thursday,22
murderer,22
Delhi,22
Medicine,22
anybody,22
ShashiTharoor,22
sessions,22
nCFAIOpCS,22
mahomiemoment,22
digvijaya_28,22
console,21
JamesWatson,21
remover,21
iSTAYHEAITHY,21
Israeli,21
relationship,21
Marchizzum,21
fucker,21
CMS,21
cards,21
INhumanitarian,21
Watercolor,21
Disinformer,20
mk_mo_,20
Smartfood,20
Mobile,20
anyone,20
meals,20
Daddy,20
ablazeandalive,20
InStyle,20
questions,20
Charlotte,20
Douglas,19
Contributor,19
LIGUE,19
ItalianMarine,19
diet/exercise,19
HartoshSinghBal,19
Podcast,19
RainbowGathering,19
ShowoffByDesign,19
Bhandari,19
Op-Ed,18
greenFaithWorld,18
binding,18
documents,18
NarenderModiNZ,18
ModiSarkar,18
corruption,18
season,18
Literature,18
HIGHLIGHTS,18
AmitShahOffice,18
IBRAHIMOVIC,18
researcher,18
ladygaga,18
replacement,18
African,18
MemesSquad_,18
FirstpostFive,18
supplication,18
decolonizeearth,18
TwoHeadline,18
EOSIKA,17
CanadaSoccerEN,17
BRORADIO,17
ex-wife,17
FunnyVine,17
DailyO_,17
hashtags,17
summer,17
ideaüòÇüôåüèº,17
tattoo,17
words,17
TIPS,17
marks,17
clarion,17
Atheist_Club,17
UniverseÔºü„ÄëDialogue,17
IPLtreatment,17
interest,17
goalpost,17
BeerTastingSoundtrack,17
breastfeeding,17
Stephen,17
_foulqueen,17
Official‚Äôs,17
„ÄåBLACKBIRD„Äç,16
cwatson34,16
Cronies,16
rescue,16
Patriots,16
Guest,16
Battlefront,16
mistake,16
Parade,16
NARCISISM,16
championship,16
Concert,16
grassroot,16
baby,16
TheoryFail,16
Footy_Joke,16
Soul/sole,16
kids,16
MailSport,16
Accountability,16
Fidel_tweets27,16
eBay_US,16
LalitModi,15
NV-T101,15
Maron,15
morning,15
Sepptember,15
Physiology,15
blessing,15
UPA2,15
JHenderson,15
Ward_PesUnited,15
International,15
Writeintrump,15
spam,15
SALON,15
HALES,15
NIGGAS,15
CharlestonShooting,15
imprincesskiran,15
Secretary,15
OFFERS,15
anniversary,14
Fats,14
uproar,14
Modi-Sharif,14
vintagepicz,14
Cavern,14
Parenting,14
concern,14
6CD,14
Arnab,14
Areas,14
talks,14
hour,14
JERUSALEM,14
tests,14
Opposition,14
Mexico-France,14
Korea_Republic,14
TheAnfieldWrap,14
Banko,14
grandmother,14
Remixe,14
lessons,13
Urdu,13
reply,13
WandererSS6,13
kaakyire,13
deathmatch,13
Stones,13
stage,13
Personality,13
JaItaly,13
Knowles-Carter,13
extension,13
statement,13
ticket,13
WeDoItAgain,13
Malala,13
JUDEÔºèTHE,13
realDonaldTrump,13
wickets,13
Ringo,13
Caitlinkin,13
Sampathkumar,13
officer,13
degree,13
injustice,13
November,13
Christian,13
Bready,13
ndtvindia,13
episode,13
determination,13
Kickstarter,13
katyperry,13
Girlfriend,12
zAdani,12
judge,12
Aung,12
Suu,12
booking,12
GiselleTka,12
sardesairajdeep,12
CzarofFreedom,12
YouTube,12
MakeAVoice,12
controversy,12
DJChurch94,12
rules,12
inaction,12
Jewish,12
Partnership,12
SunandaPushkar,12
Hawking,12
laureate,12
shrine,12
perversion,12
FearInSociety,12
Street,12
Putin‚Äô,12
Reminder,12
Heath,12
Collaboration,12
businessmen,12
Award,12
Mumbai,12
release,12
guideline,12
Williamson,12
colleague,12
Royal__Co,12
yr1-training,12
vanguardngrnews,12
writerfarmer,12
XBOX/PSN/ANDROID/IOS,12
ANI_new,11
Carter,11
Tenancy,11
energy,11
ConspiracySeek,11
System,11
SheDuLe_PrOfiLe,11
Mystery,11
Sgt,11
lily,11
BEYONC√â,11
pads,11
Thugville,11
Ganga,11
MINTS,11
GaryJWhiteTD,11
remarks,11
Switzerland‚Äô,11
CrowdfundSpirit,11
LeoMessi_Agent,11
Economic,11
Trailer,11
Police,11
authoritie,11
acne,11
Prizefighter,11
Gracevillecc,11
electricity,11
Poppie,11
supporter,11
jgopikrishnan70,11
Pepper's,11
ShuklaRajiv,11
students,11
CAPGUNTOM,11
Code,11
citizenship,11
fraud,11
PAPERBACK,11
CollegeBoyNick,11
Unisex,11
MissionBihar,11
holiday,11
SLEEVE-,11
bishopwtjackson,11
AndroidAuthority,11
Apple,10
Assistant,10
Eatingbreakfast,10
tenant,10
families,10
humility,10
lasting,10
Eoin,10
theverge,10
TheSchoolOfLife,10
Michael5SOS,10
Jordan,10
number,10
failure,10
praiseEmail,10
KPMG,10
Brazil‚Äô,10
Chancellor,10
Lincoln,10
heritage,10
https,10
minute%,10
Gujarat,10
Blogger,10
context,10
Arsenal,10
JasumatiPatel,10
Backheel,10
speeche,10
Lalitgate,10
SOUTHEE,10
message,10
PopeyesChicken,10
microcredit,10
Clevelandtown,10
itsrihannaomg,10
breakthrough,10
change,10
gifts,10
Geneticist,10
TopDrawerSoccer,10
father‚Äô,10
FemaleText,10
Development,10
bowler,10
