anti-Uber,0
Uberprotester,0
drivers,0
Frenchie,0
taxi-driver,0
Parisien,0
CourtneyLove,0
airports,0
TheLocalFrance,0
challenges,0
look,0
cars,0
Transportation,0
nytimesworld,0
hubs,0
Loveâ€™,0
NewsweekA,0
singer,0
strike,0
WhatsApp,0
nytimesbusine,0
Cabbies,-
promocode,-
Thursday,-
Tweets,-
Hostage,-
rioter,-
York,-
Ordeal,-
marketing,-
Blockade,-
company,-
ensnares,-
Clashes,-
Documents,-
anything,-
KrazyRide,-
chaos,-
ScottAdamsSay,-
Training,-
usatodaytech,-
people-,-
roads,-
service,-
Sales,-
Twitter,-
smartphone-era,-
pics,-
partnership,-
BusinessNewzzz,-
LifestyleNew,-
Warfare,-
something,-
Two-Way,-
Mind,-
email,-
successe,-
technology,-
Postmate,-
