uberpop,2428
driversðŸ™ˆ,2405
saveblacktaxi,1661
protests,1316
france,731
parisian,541
cars,493
dis-service,485
frenchie,454
southafrica,430
ridewith,418
hyderabad-,408
application,390
promocode,375
meantime,353
southwark,351
dannythecabbie1,349
timescourtney,323
lookalike,315
airports/uber,300
todayðŸ‘…ðŸ’¦,275
challenges,263
billionaire,260
partnership,254
huntsvillecity,236
companyâ€™,229
nycmayorsoffice,216
hubspot,214
pcworld,211
transportation,207
peopleâ€™,204
guards,202
anti-uber,199
businesse,197
mayoroflondon,194
lifeeee,187
coherantindian,185
newspaperplu,181
promotion,177
history,174
durbanjuly_2015,171
roadway,171
years,160
startups,152
roadblock,150
kalanick,144
toronto,141
jacktheceo,138
googleâ€™,137
marketingcloud,137
striker,129
travisk,129
something,128
weekend,122
tweets/mention,117
johnsonshn,113
industry,112
workspace,112
singer,110
sharingeconomy,107
technology,107
capetalk,105
companies,104
facility,104
money,103
emailmarketing,103
reuters,101
gautrain,101
homepage,100
smartphone-era,100
competition,98
linkedin,97
telangana-government-uber-cab,94
clevelandjobs_,93
thanks,91
triplepundit,91
glove,91
plans,87
account,87
yorker,86
ordeal,85
-tonight,84
johannesburg,82
company/customer,81
helenzille,80
guys,80
londontaxiradio,79
users,78
uber/airbnb,77
representatives,77
hostage,76
uberâ€™â€¦,74
meeting,74
gates,74
-moment,73
rioter,73
labore,72
lyftâ€™,72
regulation/intimidation,71
contractors,71
employees,69
/meter,68
4thstreetwine,68
creditability,68
number,67
executives,67
banking,66
pressure,65
uber/ola,65
twitterla,63
problem,62
revolution,61
minutes,61
uptown,60
gaustation,60
hours,60
panamgame,60
blogpost,59
signs,59
digitaltelanganaweek,58
thousands,57
bigdata,56
ideator,56
/r/video,56
uber_rsa,56
girlfriend,55
chaos,54
self-driving,54
passenger,53
stillgovt,53
griffin,52
blake,52
battleground,52
clashes,52
pilot,52
ruling,51
update,51
commissionerâ€™,51
lbctaxidebate,49
metromorning,49
insurance,48
leondaniel,48
months,48
documents,47
bullshitt,47
rules,46
$50mn,46
portlandia,46
issue,46
warfare,46
placard,45
thursday,45
ensnares,45
uberxl,45
anything,45
landline,45
cities,44
answer,44
arrival,44
violence,43
netflix,43
group,42
technologies,42
uber_delhi,42
value,42
uber_support,42
welfare,42
bitche,41
lawyer,41
mapping,40
friends,40
invite,39
arrests,39
discoveryforme,39
spokeswoman,39
someone,38
scott,38
chinaâ€™,38
facts,38
hackingteam,38
iancollinsuk,38
background,38
suspension,37
anyone,37
car-sharing,37
pics,37
fees,37
daniels,36
roommate,36
model,36
nyctaxi,36
sandton,36
policies,35
california,35
itsbizkit,35
oxford,35
facebookâ€™,35
future,34
uber-style,34
everyone,34
americaâ€™s,34
bbcwatchdog,34
capitalism,33
gunman,33
refund,33
questions,33
flight,33
interview,33
labor-safety,32
crackdown,32
palantir,32
leadership,32
nigga,32
watershed,32
guidelines,32
reminder,32
vehicles,32
workers,31
payment,31
requestpolicy,30
trails,30
content_article,30
suitcase,30
incident,30
mankind,29
appointment,29
headquarter,29
wallet,29
councillor,29
the_lcdc,29
reason,29
benefits,28
monday,28
ubercountry,28
microsoft,28
judgeâ€™,28
baghdad,28
parking,28
sides,28
replacement,27
teslaâ€™,27
tech/media,27
route,27
price,27
salesforce,27
realestate,27
uberprotester,26
police,26
usâ€™s,26
decision,26
private/busine,26
nothing,26
tipping,26
canadaontario,26
cashle,26
username,26
firms,26
seatbelt,26
israel,25
training,25
crisis,25
shower,25
surgery,25
waze,25
musician,25
foodblogct,25
information,25
greece,25
radio702,24
sector-,24
development,24
innovation,24
traveler,24
photobomb,24
slingshotmnl,24
surprise,24
amazon,23
tomorrow,23
job_cleveland,23
experienceðŸš—,23
website,23
majalahinternet,23
traffic,22
details,22
privacy,22
helena,22
rights,22
june'15,22
manager,22
sexiness,22
conversation,22
playlist,22
delivery,22
complaints,22
shooter,22
demonstration,22
4thstreetparty,21
journaluber,21
motherfucker,21
summer,21
uber-director/king-of-everything,21
toyota,21
engadgetÂ©,21
swiftâ€™s,21
exchange,21
rmtunion,21
crimewatchdog,21
joey3brother,21
programmer,20
turmoils,20
liability,20
response,20
expansion,20
friday,20
fullpeace_org,20
happybirthdayranveersingh,20
kuaidi,20
canneslion,20
operating,20
carpooling,20
branding,20
uber_canada,20
european,20
successe,19
2-uber,19
stories,19
dealership,19
godfather,19
suite,19
jokelly,19
echandbiznew,19
blaz,18
boris,18
drones,18
investment,18
start-ups,18
disruption,18
newsletter,18
jo_bertram,18
uberuksupport,18
practices,18
family+friend,18
clients,18
pineapple_pr,18
taxilimolicense,18
caller,18
campaign,18
must-read,18
reviewâ€™,18
sanfrancisco,17
actress,17
yesterday,17
uber-vintage-lux,17
chicago,17
message,17
almshouse,17
ride-hailing,17
luke_foleynsw,17
note,17
finance,17
mr.,17
piece,17
reports,17
ihqnx,17
fires,17
hunterfan,17
falmouth,17
dillet/techcrunch,17
earacherecord,17
stephenlevin33,17
marketplace,16
uberfinds,16
intimidation,16
jakarta,16
lhusiebing,16
mothership,16
convinent,16
kids,16
system,16
washingtonian,16
easychoice,16
mechanics,16
bra_banbani,16
cyber-security,16
pay-what-you-can,16
chancer,16
adoption,16
quote,16
platform,16
overreaction,16
troubles,16
boardingarea,16
uberboat,16
sandwiche,15
boston,15
patriciadelille,15
reply,15
etching,15
content,15
gridlock/air,15
lobbyists,15
saga,15
commenter,15
location,15
https,15
pickup,15
knowledge-like,15
cost,15
seafront,15
mybeerfestival,15
wine,15
charges,15
istanbul,15
hotspot,15
periscope,15
wheelchair,15
driverle,14
fines,14
gesture,14
guerrilla,14
countries,14
foodblogjhb,14
insiderâ€™,14
sharethelove,14
muscle,14
attack,14
noshame,14
rates,14
contactle,14
hells4heroe,14
concerns,14
subreddit,14
markets/pricing,14
ottawa,14
lbc,14
opposition,14
midfielder,14
pinterest,14
millions,14
investors,14
ownership,14
words/slang,14
dollar,14
vomit,14
direction,14
fortunemagazine,14
braddickdavid,14
forbestech,13
artist-designed,13
collection,13
county,13
bruh,13
tires,13
bandung,13
olacabs,13
bloomberglaw,13
request,13
taxi-ordering,13
event,13
middleman,13
whatsapp,13
bulgaria,13
consumers,13
opportunity,13
homobile,13
riders,13
tickets,13
obamacare,13
dystopia,13
protectionism,13
vacation,12
motion,12
w4rme,12
queensland,12
mexico,12
harassment,12
all-star,12
requirement,12
organda,12
reditlhabi,12
touch,12
romain,12
hailo,12
dude,12
couple,12
center,12
recourse,12
webradio,12
impact,12
receipt,12
rape,12
nydnopinion,12
paralysis,12
fighter,12
intvu,12
doctor,12
marseille,12
movement,12
biketoworkday,12
dangers,12
parents,12
picture,12
operations,12
authority,12
cowboy,12
jamesg5670ue,12
phoenix,12
misclassification,11
fly4me,11
luke,11
skanndtyagi,11
english,11
growth,11
equality,11
prideoflr,11
wife/baby,11
person,11
robocar,11
doormat,11
ladykcab,11
release,11
empowerment,11
thoughts,11
tradex,11
disobedience,11
retrial,11
driver-approval,11
nobody,11
sfâ€™,11
boombox,11
coverage,11
vianochauffeur,11
tracker,11
fleetwood,11
premiere,11
amount,11
offering,11
assets,11
lanes/green,11
tourists,11
bostontaxicab,10
agenda,10
minister,10
car-hailing,10
survey,10
submission,10
woes,10
q&a,10
situation,10
proceed,10
ftc,10
detroit,10
worth,10
matter,10
gps,10
monster,10
u.s.,10
paolo,10
dispute,10
admiralsclub,10
lagos,10
konga,10
michaelj991,10
/wk,10
operators,10
davidcameron,10
emember,10
t(dot)uber,10
reorganization,10
shoplifting,10
competitor,10
americans,10
browardinfo,10
destination/charged,10
terrorist,10
memorandum,10
scammer,10
youtuber,10
licence,10
barricade,10
heathrow,10
turkey,10
savingfuel,10
discussion,10
yrs,10
hindustan-d-game,10
motorcycle,10
scrappyf,10
mistakeðŸ˜’,10
livingsocial,10
taxi-hailing,9
abuse,9
uber_india,9
yahoo,9
display,9
vegas,9
brakes,9
globe,9
plateforme,9
evening,9
motors,9
hong,9
demand,9
assault,9
conversion,9
address,9
speedwagon,9
hotel,9
helpline,9
balance,9
ubercuteemergency,9
albany,9
excellence,9
terms,9
afternoon,9
amateur,9
sunset,9
needle,9
resolution,9
unaustralian,9
sirena,9
founders,9
accident,9
sarahealthyu,9
commercialdrone,9
punters,9
workforce,9
minicab,9
wage,9
standards,9
provider-consumer,9
brokerage,9
speaker,9
jerseyshore,9
uber_miami,9
paycheck,9
politician,9
-chocoffee,8
paypal,8
cobain,8
uber_ldn,8
monty,8
robots,8
labour,8
folks,8
austin,8
usd,8
injunction,8
favour,8
peeps,8
playbook,8
parole,8
taylorswift13,8
suv,8
repair,8
checkertaxiyyc,8
abramjee,8
officialshid,8
chicken,8
unemployment,8
publicity,8
horse,8
entrepreneurship,8
nonsense,8
feedback,8
limousine,8
bridge,8
autopax,8
children,8
tension,8
default,8
parliament,8
pittsburgh,8
profit,8
clipper,8
highlights,8
argumentâ€™,8
â–ºsoundcloudâ—„,8
cocreation,8
legislature,8
louisville,8
threat,8
sweatshirt,8
songwriting,8
germany,8
window,8
uber_mumbai,8
cartel,8
carriages-next,8
affairs,8
crowd-sourced,8
labellamafia,8
japanese,7
canadian,7
firearm,7
brown,7
explanation,7
stains,7
luck,7
trash,7
lesson,7
approx,7
saturday,7
towel,7
hackney,7
didi,7
wealth,7
analytics,7
duration,7
ubered,7
baby,7
iran,7
logic,7
concept,7
conditions,7
type,7
launcher,7
stuff,7
fatalities,7
metropoli,7
jobsincolumbus1,7
leighzeeheaux,7
joke/reality,7
fanforum,7
candidmagazine,7
building,7
wsjd,7
abcnewssydney,7
truth,7
daydream_jenny,7
charlesthecab,7
layover,7
/bangalore,7
istore,7
menu,7
electricity,7
northhop15,7
idiot,7
seanpaulday,7
android,7
franken,7
badge,7
subject,7
claims,7
advertising,7
uber_chennai,7
engineering,7
englandpm,7
alibabatalk,7
none,7
following,7
segment,7
helicopter,7
treatment,7
return,7
screenshot,7
humanitarian,7
hillbilly,7
guarantee,7
algorithms,7
strangers,7
corporations,7
jjvandermerwe,7
lisabiartch,7
taxi-driver,6
partnersjoburg,6
mailchimp,6
selfieðŸ˜‚,6
businessinsider,6
cocontest,6
telephone,6
essex_exile,6
livestream,6
irony,6
entry,6
somebody,6
status,6
monopoly,6
network,6
ailes,6
cincinnati,6
crossdresser,6
dildo,6
redtube,6
shemale,6
porn,6
vh,6
guardian,6
opportunities,6
karygiannis,6
phv,6
st.,6
mentions,6
pain,6
century,6
theltda,6
jhb,6
inconvenience,6
hearthrob,6
advice,6
liar,6
atlanta,6
predicament,6
diamonds,6
diva,6
mike_nicolette,6
i__pooted,6
losangele,6
potential,6
safrican,6
lunche,6
ed10max,6
album,6
resumes,6
metre,6
skills,6
infrastructure,6
dashboard,6
witnesses,6
commuter,6
sources,6
profile,6
effectivene,6
chipotle,6
transition,6
shuttle,6
accessibility,6
effort,6
edmonton,6
schumpeter,6
freedom,6
uber_dublin,6
neighborhood,6
failure/capture,6
carolinepidgeon,6
attempts,6
differences,6
stonewall,6
blessing,6
wechat,6
buckets,6
kolkata,6
gibsonsquare28,6
butterflie,6
beckmann,6
uber-hipster,6
water-taxi,5
instagram,5
winner,5
luxury,5
flaws,5
common,5
discount,5
dallas,5
presence,5
fintech,5
weather,5
thugs,5
wifi,5
garbage,5
beauty,5
ubereats,5
controversy,5
anybody,5
rental,5
ladies,5
nasdaq,5
tsla,5
bespoke,5
epic,5
phil177,5
prius,5
floor,5
shortcut,5
underdog-loving,5
industries,5
half,5
illustration,5
school,5
dtn,5
homie,5
akqa,5
weed,5
conference,5
loveâ€™s,5
atlantic,5
journey,5
while,5
coolâ€š,5
safeâ€š,5
/week,5
funding,5
beginning,5
denver,5
wiredÂ©,5
function,5
sounds,5
enough,5
staffing,5
metamorphosed,5
incentive,5
simphal,5
hollande,5
holiday,5
stltoday,5
heartthrob,5
scene,5
otally,5
movie,5
management,5
theuglydaughter,5
rapist,5
pacifica,5
kanyewest,5
assistance,5
jefferson,5
blockbuster,5
singapore,5
resort,5
angeles-area,5
language,5
donations,5
rampage,5
miles,5
coupon/promo,5
target,5
progressive,5
jesusc263,5
president,5
uberfreddyamazin,5
paul_sonnier,5
l'#image,5
simonboxer,5
trucking,5
apologies,5
signatures,5
christie,5
shift,5
meal,5
squad/walmart,5
uber_topic,5
talent,5
theory,5
bcakatheman,5
jakethecab,5
zones,5
players,5
mcdonald's,5
dropbox,5
$risk,5
clueless,5
air-conditioning,5
continents,5
pulybeast,5
valley,5
to2015,5
basscabman,5
booth,5
newhappycabby,5
horror,5
carmakers,5
result,5
eyes,5
scooters,5
condos,5
stockport,5
bydcompany,5
stephenpollard,5
rocket,5
drivrcincy,5
analiensaturn,5
student,5
visualization,5
taskrabbit,5
immigrant,5
trustify,5
wyattw84ue,5
ericnewcomer,5
ebay,5
headliner,5
stevecuozzo,5
snapchat,5
property,5
stakeholders,5
teachers,5
jaimeshade,5
