htc_speaker,5823
page-reading,2519
-smartphone,2197
ebay,1639
iphone/samsung/htc,1093
m8-,1016
sleeve/case/cover,946
model)32gb,840
usb/sd/mmc,675
windows/android,630
galaxys4,584
vocable,574
desire600c,468
m7_u,464
iphone,457
sistemas4,438
4g-lte,430
sleeve/cover,417
lgg4,415
sprint)(check,411
bluetooth,411
shelter,366
verizon),346
gunmetal,318
m9+,306
gold/silver,304
charger+data,301
gray,298
wireless,293
huawei,288
shipping/30-day,261
cellphone,252
8gb,251
touchscreen,251
texanscheerteam,243
m8(at&t,221
stereo,212
180tablet,209
supermodel,208
headset,208
recamera,206
mytouch,196
battery,194
esn/imei,188
otterbox,174
beatsaudio,157
blackberryz10,154
htc_sleeve,153
todayðŸ˜‰,152
parts/repair,151
emperorleather,151
power,147
t-mobile,146
headphone,144
nexus4,142
cdeals10,140
samsung/lg/sony/htc,136
case/cover/skin,135
cdma+gsm,133
dual-sim,133
mint,132
flagship,131
case+car,129
bank,126
htcusa,124
slot,123
apple/htc/samsung,117
tripod,113
ps3,113
cashback,107
6pc,107
birthdayðŸŽ‰,104
protector,103
factory,102
wristwatch,101
wallet,101
haircolor,98
evo,96
defender,96
passport,95
micromax,92
condition/r61123,92
indian,91
aero,88
opener,88
holster,88
photos,87
stylus,86
10x,85
imei/esn,85
yearbook,82
designer,82
cloudatacenter,81
series,79
lollipop,79
harman/kardon,79
gold,77
â†º,77
material,77
handset,76
repair2,75
device,75
update,75
8xt,74
maximum,74
violet,72
freestyle,72
+mini,72
kitsch_sync,71
googleâ€™,71
edition(latest,71
wifi,69
ipad,69
luxury,68
preview,68
u8,67
earphone,67
bids)end,66
horse,65
b09,64
evangelist,64
nokia,63
impact,63
thanksðŸ˜€,62
motorola,62
sunglasse,61
ðŸŒ»ðŸŒ»ðŸŒ»summer,61
candyshell,60
dual-core,59
panels,58
assembly+frame,57
4gb(cricket,56
windows8,56
waterproof,56
kickstand,56
speck,55
dna,54
extras,53
clip-on,53
3g,52
features,52
female,51
16gb,50
g23,50
resale,50
g3,49
happyweekend,49
sv,48
5s,47
faceplate,47
cheerleader,47
description,46
sparkle,46
card,45
morning,45
diamond,45
64x,44
adapter+6ft,43
nqi,43
fallout,43
julyðŸ‡ºðŸ‡¸,43
waterfront,41
holder+tool,41
wildfire,40
follower,40
quad-core,40
brand,39
rezound,38
htc_liz,37
grip,37
silicone,37
display/dial/sm,37
tpu/pc,37
rumor,37
optimus,36
release-key,36
aux,33
m/m,33
supportmisstanakpur,32
dream,32
aluminum,31
hybrid,31
issue(pic)clear,31
videofree,31
-inch,31
gorilla,30
shop,30
hai_l9,30
bracelet,29
beats,29
sticker,29
4ft,29
/sense,29
thursday,29
pouch,28
price,28
frb-,28
htcvive,28
lumia920,28
navy,27
st-11,27
wrap,27
bling,27
screen+lcd,27
multimedia,27
shipment,27
glencheck,26
3d,25
s4/note2/note3/,25
contract/free,25
case+film,25
kitty,25
dr.,24
grey,24
earbuds/,24
cvxe,24
lighting,24
snapchat,24
picture,24
snipe,23
music,23
amber,23
rose,23
dre/monster,23
s6318,23
htcâ€™,22
uwatch,22
anybody,22
accessories,22
matter,22
ibeats,21
z2,21
glitter,21
months,21
microsd,21
blinkfeed,21
htc_ashleyr,21
campu,21
news,20
vote,20
cluster,20
espy,20
friday-eve,20
thunderbolt,20
sequin,20
shoreline,20
girlfriend,20
sumsung,19
quality,19
sensation,19
sebaceou,19
rum-diary,19
windshield,19
catcher,19
octa-core,19
something,19
contest,19
htc_callie,19
/r/technology,19
ivsoftware,18
reasons,18
s511,18
htc_kelly,18
cont)network,18
htc_kimberly,18
invariant,18
source,17
wang,17
ringo,17
replacement,17
3pack,17
fans,17
handfree,16
otg,16
bag,16
service/code,16
marketing,16
acid,15
autumn,15
decal,15
carbon,15
feet,15
htc_lesha,15
batteries,15
gps,15
receiver,15
armor,15
820g+,15
htconem9,15
atlanta,15
htc_madison,15
4mp,14
fibre,14
belt,14
victor,14
fashion,14
status,14
plasticky,14
desire820,14
aguarda,14
isw13ht's,14
icedotcommuntiy,14
football,14
glove,14
echotweet,14
siii,14
wcdma,14
roadtrip,14
monopod,13
radar,13
htc_in,13
george,13
_a9,13
level,13
ladies,13
4/4s,13
g4-m9-z3,13
realgymnasium,13
lecherousne,13
selfie,13
functionality,13
htc_rachel,13
protection,12
june,12
digitizer,12
vinyl,12
a2,12
season,12
root,12
lifetime,12
cnetnew,12
eyebrow,12
porno,12
s720e,12
sweetheart,12
europe,12
tomorrow,11
a/c,11
size,11
fedex,11
handsfree,11
8mp,11
htc_kristy,11
htc_mikaley,11
pravinrajlr,11
memory,11
accord,11
game,11
comparison,11
teamhtc,11
unicornbeauty,11
chevron,11
htc_uk,11
favorite,11
htc_sarahc,11
production,11
htc_libby,11
customer,11
g4,10
deja,10
vu,10
oem,10
foxstarhindi,10
media,10
chance,10
details,10
houstontexansfan,10
bumper,10
gifts(laster,10
bootloadet,10
htc_randi,10
htc_delaney,10
iamkellybrook,10
white,10
wayne,10
e9+,10
